Numero,Nome della Carta,Pianeta/Associazione,Significato Dettagliato,Parole Chiave,,,,,,,,,,,,,,,,,,,,
,Carta Blu,Nessuno,La protezione suprema. Rappresenta la dissoluzione delle ombre e il ritorno alla calma. Agisce come uno scudo energetico.,"Pace, Protezione, Equilibrio, Serenità",,,,,,,,,,,,,,,,,,,,
1,La Destinée,Fondamentale,Un segnale di partenza. Rappresenta un  carrefour  (bivio) dove è necessario scegliere. Spinge all'evoluzione fuori dall'immobilismo.,"Decisione, Iniziativa, Scelta, Destino",,,,,,,,,,,,,,,,,,,,
2,Étoile de l'Homme,Consultante Maschile,"Rappresenta l' archetipo del guerriero moderno : forza, conquista e azione. Indica il consultante o una figura maschile influente.","Coraggio, Affermazione, Energia Attiva, Protezione",,,,,,,,,,,,,,,,,,,,
3,Étoile de la Femme,Consultante Femminile,"Rappresenta l'energia ricettiva, la dolcezza e l'intuizione. Invita alla riflessione profonda e all'ascolto del cuore.","Intuizione, Sensibilità, Benevolenza, Guida",,,,,,,,,,,,,,,,,,,,
4,Natività,Sole,Allineamento perfetto degli astri. Rappresenta una piccola graina che germoglia in terra fertile. Assenza totale di ostacoli.,"Nuovo ciclo, Gravidanza, Progetti, Sicurezza",,,,,,,,,,,,,,,,,,,,
5,Réussite,Sole,"La vittoria dopo uno sforzo costante, come il traguardo di un  maratona . Il successo è meritato e non casuale.","Trionfo, Merito, Compimento, Vittoria",,,,,,,,,,,,,,,,,,,,
6,Élévation,Sole,"Progresso costante. Simboleggiata da una piramide e una  scala coricata : gli strumenti ci sono, ma vanno raddrizzati e attivati dal consultante.","Metodo, Evoluzione, Ambizione, Sforzo",,,,,,,,,,,,,,,,,,,,
7,Honneurs,Sole,"Potere legittimo. Simbolizzata dalla Corona, il Sacerdote e la  Mano della Giustizia . Riconoscimento sociale basato sull'onestà.","Etica, Distinzione, Rispetto, Giustizia",,,,,,,,,,,,,,,,,,,,
8,Pensée-Amitié,Sole,Legami inalienabili. Rappresenta persone fidate che offrono una mano tesa. Invito alla socialità e a nuove connessioni.,"Lealtà, Sincerità, Sostegno, Fiducia",,,,,,,,,,,,,,,,,,,,
9,Campagne-Santé,Sole,Simbolo di pace e ritorno alle radici. Necessità tecnica di ricaricare le batterie e allontanarsi dal frastuono.,"Riposo, Natura, Convalescenza, Risorse",,,,,,,,,,,,,,,,,,,,
10,Présents,Sole,Un dono inaspettato che cade dal cielo. Rappresenta un miglioramento materiale o un riconoscimento tangibile della generosità.,"Abbondanza, Ricompensa, Fortuità, Dono",,,,,,,,,,,,,,,,,,,,
11,Trahison,Luna,Avvertimento su inganni esterni o pericoloso  autosabotaggio interno . Spirale di pensieri negativi che offusca il giudizio.,"Invidia, Vigilanza, Gelosia, Dubbio",,,,,,,,,,,,,,,,,,,,
12,Départ,Luna,Distacco netto. Le montagne rappresentano il passato da lasciare; gli uccelli l'enclosure verso l'ignoto. Emancipazione necessaria.,"Viaggio, Indipendenza, Libertà, Cambiamento",,,,,,,,,,,,,,,,,,,,
13,Inconstance,Luna,"Instabilità come in una tempesta. Parole ""al vento"" o promesse poco solide. Necessità di centratura per non perdersi.","Indecisione, Versatilità, Incertezza, Confusione",,,,,,,,,,,,,,,,,,,,
14,Découverte,Luna,Il telescopio invita a guardare oltre. La stella nel mirino simboleggia la guida verso verità nascoste o nuovi saperi.,"Curiosità, Ricerca, Indagine, Sapere",,,,,,,,,,,,,,,,,,,,
15,L'Eau,Luna,"Connessione profonda con la  Mediumità  e la preveggenza. Nonostante le onde emotive, la nave resta stabile se si segue l'intuizione.","Femminilità, Introspezione, Voyance, Emozioni",,,,,,,,,,,,,,,,,,,,
16,Les Pénates,Luna,"La torre solida rappresenta il rifugio, le  tradizioni  e le radici familiari. Legata strettamente ai beni immobili.","Casa, Sicurezza, Tradizione, Stabilità",,,,,,,,,,,,,,,,,,,,
17,Maladie,Luna,L'uccello di preda che ghermisce la vittima indica oppressione e stanchezza. Richiede resilienza e ascolto dei propri limiti.,"Blocco, Stress, Ansia, Indebolimento",,,,,,,,,,,,,,,,,,,,
18,Changement,Mercurio,"Movimento naturale e favorevole, come riorganizzare una stanza per renderla più armoniosa. Evoluzione non brutale.","Adattamento, Flessibilità, Rinnovamento, Scelta",,,,,,,,,,,,,,,,,,,,
19,Argent,Mercurio,Prosperità materiale simboleggiata dalla Cornucopia. Afflusso di risorse da gestire con responsabilità.,"Abbondanza, Bonus, Sicurezza, Ricchezza",,,,,,,,,,,,,,,,,,,,
20,Intelligence,Mercurio,Il libro e le candele indicano lucidità mentale e studio. Uso della strategia per risolvere complessità.,"Apprendimento, Chiarezza, Analisi, Sapere",,,,,,,,,,,,,,,,,,,,
21,Vol-Perte,Mercurio,Pericolo di manipolazione o sottrazione (materiale o emotiva) da parte di terzi. Richiede estrema vigilanza.,"Furto, Inganno, Vulnerabilità, Manipolazione",,,,,,,,,,,,,,,,,,,,
22,Entreprise,Mercurio,La figura dell'architetto: strutturare i progetti con piani solidi. Applicabile a costruzioni reali o simboliche.,"Lavoro, Organizzazione, Metodo, Progetto",,,,,,,,,,,,,,,,,,,,
23,Trafic,Mercurio,Sotto l'influenza di Hermes: dinamismo commerciale e negoziazioni. Ruolo di mediatore in scambi vantaggiosi.,"Commercio, Dialogo, Contratto, Espansione",,,,,,,,,,,,,,,,,,,,
24,Nouvelle,Mercurio,Nota Tecnica:  La carta più rapida. L'esito (positivo/negativo) dipende dalle carte circostanti. Arrivo improvviso di segnali.,"Messaggio, Velocità, Sorpresa, Segnale",,,,,,,,,,,,,,,,,,,,
25,Plaisirs,Venere,"L'arpa diffonde vibrazioni di armonia. Godimento dell'estetica, delle arti e del benessere sensoriale.","Arte, Bellezza, Gioia, Estetica",,,,,,,,Venere,"L'arpa diffonde vibrazioni di armonia. Godimento dell'estetica, delle arti e del benessere sensoriale.","Arte, Bellezza, Gioia, Estetica",25,Plaisirs,Venere,"L'arpa diffonde vibrazioni di armonia. Godimento dell'estetica, delle arti e del benessere sensoriale.","Arte, Bellezza, Gioia, Estetica",25,Plaisirs,Venere,"L'arpa diffonde vibrazioni di armonia. Godimento dell'estetica, delle arti e del benessere sensoriale.","Arte, Bellezza, Gioia, Estetica"
26,Paix,Venere,Conciliazione dopo la tempesta. I rami di lauro indicano un accordo trovato e il silenzio rigenerante.,"Accordo, Serenità, Silenzio, Armonia",,,,,,,,Venere,Conciliazione dopo la tempesta. I rami di lauro indicano un accordo trovato e il silenzio rigenerante.,"Accordo, Serenità, Silenzio, Armonia",26,Paix,Venere,Conciliazione dopo la tempesta. I rami di lauro indicano un accordo trovato e il silenzio rigenerante.,"Accordo, Serenità, Silenzio, Armonia",26,Paix,Venere,Conciliazione dopo la tempesta. I rami di lauro indicano un accordo trovato e il silenzio rigenerante.,"Accordo, Serenità, Silenzio, Armonia"
27,Union,Venere,Legame stabile (matrimonio o partnership). Le catene simboleggiano solidarietà e impegno indissolubile.,"Contratto, Fedeltà, Associazione, Impegno",,,,,,,,Venere,Legame stabile (matrimonio o partnership). Le catene simboleggiano solidarietà e impegno indissolubile.,"Contratto, Fedeltà, Associazione, Impegno",27,Union,Venere,Legame stabile (matrimonio o partnership). Le catene simboleggiano solidarietà e impegno indissolubile.,"Contratto, Fedeltà, Associazione, Impegno",27,Union,Venere,Legame stabile (matrimonio o partnership). Le catene simboleggiano solidarietà e impegno indissolubile.,"Contratto, Fedeltà, Associazione, Impegno"
28,Famille,Venere,"Osmosi emotiva nel primo cerchio. Protezione, fiducia e potenziale fecondità (nascita di figli o strutture).","Radici, Solidarietà, Focolare, Fecondità",,,,,,,,Venere,"Osmosi emotiva nel primo cerchio. Protezione, fiducia e potenziale fecondità (nascita di figli o strutture).","Radici, Solidarietà, Focolare, Fecondità",28,Famille,Venere,"Osmosi emotiva nel primo cerchio. Protezione, fiducia e potenziale fecondità (nascita di figli o strutture).","Radici, Solidarietà, Focolare, Fecondità",28,Famille,Venere,"Osmosi emotiva nel primo cerchio. Protezione, fiducia e potenziale fecondità (nascita di figli o strutture).","Radici, Solidarietà, Focolare, Fecondità"
29,Amour,Venere,"Alchimia potente e nascente. Rappresenta l'affezione pura che motiva ogni azione, anche nel lavoro.","Tenerezza, Passione, Felicità, Sincerità",,,,,,,,Venere,"Alchimia potente e nascente. Rappresenta l'affezione pura che motiva ogni azione, anche nel lavoro.","Tenerezza, Passione, Felicità, Sincerità",29,Amour,Venere,"Alchimia potente e nascente. Rappresenta l'affezione pura che motiva ogni azione, anche nel lavoro.","Tenerezza, Passione, Felicità, Sincerità",29,Amour,Venere,"Alchimia potente e nascente. Rappresenta l'affezione pura che motiva ogni azione, anche nel lavoro.","Tenerezza, Passione, Felicità, Sincerità"
30,La Table,Venere,Convivialità. La giara simboleggia l'archetipo della  maîtresse  (amante) o di relazioni leggere e piacevoli.,"Festa, Incontro, Piaceri, Amante",,,,,,,,Venere,Convivialità. La giara simboleggia l'archetipo della  maîtresse  (amante) o di relazioni leggere e piacevoli.,"Festa, Incontro, Piaceri, Amante",30,La Table,Venere,Convivialità. La giara simboleggia l'archetipo della  maîtresse  (amante) o di relazioni leggere e piacevoli.,"Festa, Incontro, Piaceri, Amante",30,La Table,Venere,Convivialità. La giara simboleggia l'archetipo della  maîtresse  (amante) o di relazioni leggere e piacevoli.,"Festa, Incontro, Piaceri, Amante"
31,Passions,Venere,Emozioni volcaniche e incontrollabili. Intensità che può illuminare o bruciare se non canalizzata.,"Desiderio, Focosità, Eccesso, Impulsività",,,,,,,,Venere,Emozioni volcaniche e incontrollabili. Intensità che può illuminare o bruciare se non canalizzata.,"Desiderio, Focosità, Eccesso, Impulsività",31,Passions,Venere,Emozioni volcaniche e incontrollabili. Intensità che può illuminare o bruciare se non canalizzata.,"Desiderio, Focosità, Eccesso, Impulsività",31,Passions,Venere,Emozioni volcaniche e incontrollabili. Intensità che può illuminare o bruciare se non canalizzata.,"Desiderio, Focosità, Eccesso, Impulsività"
39,Appuis,Giove,L'aquila maestosa rappresenta un mentore o una figura influente che offre tutela e risoluzione materiale.,"Sostegno, Influenza, Tutela, Protezione",,,,,,,,,,,,,,,,,,,,
40,Beauté,Giove,Equilibrio tra sentimenti e realtà. Fioritura personale e successo nelle arti o nella creazione.,"Armonia, Soddisfazione, Arte, Serenità",,,,,,,,,,,,,,,,,,,,
41,Héritage,Giove,Trasmissione di patrimonio. Il  crâne  (cranio) segna il confine tra ciò che è passato e ciò che viene lasciato in dote.,"Patrimonio, Passato, Memoria, Donazione",,,,,,,,,,,,,,,,,,,,
42,Sagesse,Giove,La corona della saggezza indica autorità benevola. Visione oggettiva e prudenza prima di ogni azione.,"Discernimento, Maturità, Consiglio, Equilibrio",,,,,,,,,,,,,,,,,,,,
43,Renommée,Giove,Consacrazione pubblica. La tromba e la corona di lauro annunciano la legittimazione ufficiale del merito.,"Celebrazione, Fama, Orgoglio, Validazione",,,,,,,,,,,,,,,,,,,,
44,Hasard,Giove,Nota Tecnica:  Opportunità ephemera. Le ali indicano che la fortuna va colta al volo. Consultare le carte vicine per l'esito.,"Fortuna, Rapidità, Occasione, Bivio",,,,,,,,,,,,,,,,,,,,
45,Bonheur,Giove,Appagamento totale. L'stella guida assicura che il consultante è sulla rotta giusta verso la propria luce.,"Gioia, Realizzazione, Speranza, Successo",,,,,,,,,,,,,,,,,,,,
46,Infortune,Saturno,Rallentamento e prova di endurance. La mano tesa indica la necessità assoluta di chiedere aiuto esterno.,"Ostacoli, Fatica, Prova, Umiltà",,,,,,,,,,,,,,,,,,,,
47,Stérilité,Saturno,Il deserto: i progetti non portano frutti. Necessità di isolarsi per tagliare l'inutile e rivalutare gli obiettivi.,"Impasse, Aridità, Riflessione, Distacco",,,,,,,,,,,,,,,,,,,,
48,La Fatalità,Saturno,Concetto di  Karma . La Faux (falce) indica il momento del  raccolto  e della chiusura definitiva di un ciclo ineludibile.,"Fine, Taglio, Destino, Passaggio",,,,,,,,,,,,,,,,,,,,
49,La Grazia,Saturno,Intervento divino. La Trinità e lo Spirito Santo portano guarigione inaspettata e risoluzione delle sofferenze.,"Perdono, Miracolo, Sollievo, Benedizione",,,,,,,,,,,,,,,,,,,,
50,Ruine,Saturno,Crollo di strutture logore. La vegetazione ai piedi della torre indica che il terreno è fertile per una rinascita autentica.,"Trasformazione, Fine, Fondamenta, Rinnovamento",,,,,,,,,,,,,,,,,,,,
51,Retard,Saturno,La ruota bloccata. Pausa forzata che invita alla prudenza e alla rivalutazione prima di procedere.,"Attesa, Delazione, Prudenza, Riflessione",,,,,,,,,,,,,,,,,,,,
52,Cloître,Saturno,"Ritiro necessario. Può indicare ospedali, prigioni o semplicemente un rifugio dell'anima per meditare.","Solitudine, Introspezione, Cura, Silenzio",,,,,,,,,,,,,,,,,,,,