N.,Nome & Astre,"Iconografia, Mitologia e Storia",Psicologia Profonda e Sfumature,Rappresentazione (Chi è / Stato),Consiglio (Cosa fare),Direzione (Evoluzione),Riuscita (Esito)
1,Il Destino<br>(Specifica),Visiva: Una grande chiave antica.<br>Simbologia:" Apertura di porte, forzieri e lucchetti. Accesso all'ignoto.",Dualità:" Il nome evoca il ""fato scritto"", ma l'immagine della chiave esalta il "libero arbitrio. Rappresenta la lotta tra condizionamenti e libertà personale.,"Persona carismatica, padrona delle sue scelte, libera da vincoli, capace di sbloccare situazioni.","Usare il libero arbitrio, uscire dalla comfort zone, osare l'inesplorato.","Nuove opportunità, porte che si spalancano, espansione delle esperienze.",Successo legato alla conquista della libertà e all'apertura di nuove vie.
2,Stella dell'Uomo<br>(Specifica),Visiva:" Stella a 6 punte (Sigillo di Salomone), volto maschile con copricapo egizio."<br>Mito:" La Sfinge (corpo di leone/Rê, testa umana/faraone).",Archetipo:" Il principio attivo, yang. Forza bruta, stabilità, coraggio e vitalità. L'ego che si afferma nel mondo materiale.","Persona intraprendente, combattiva, stabile, dotata di grande forza morale e fisica.","Esternare forza, sicurezza, virilità e coraggio. Agire da ""guerriero"".","Verso azioni che richiedono energia, leadership e affermazione di sé.","Successo ottenuto tramite azioni attive, coraggio e sforzo personale."
3,Stella della Donna<br>(Specifica),Visiva:" Stella a 6 punte, volto femminile."<br>Simbologia:" Il principio passivo, yin, ricettivo ma non debole.",Archetipo:" Forza interiore, resilienza, intuizione, empatia. La capacità di creare e nutrire (emozioni e progetti).","Persona empatica, diplomatica, intuitiva, dotata di grande intelligenza emotiva.","Agire con dolcezza, usare l'intuizione, comunicare con sincerità e tatto.","Via di calma, tenerezza, creatività feconda e ascolto profondo.","Successo tramite sensibilità, diplomazia e connessioni umane autentiche."
4,Natività<br>(Sole),Visiva:" Pergamena con tema astrale (Sole in Capricorno, Luna in Cancro)."<br>Mito:" Il Natale, la nascita ""sacra"" e divina.",Psicologia:" L'entusiasmo del nuovo inizio, l'autenticità infantile, la fede nel futuro. Potenziale puro non ancora corrotto.","Persona aperta al nuovo, sognatrice, autentica, in stato di ""grazia"" creativa.","Mettere al mondo un progetto, affermare idee, abbracciare la vita con fede.","Affermazione di nuovi progetti, idee che prendono corpo e nascono.","Successo nella genesi di qualcosa di importante e ""sacro"" per il consultante."
5,Riuscita<br>(Sole),Visiva: Corona d'alloro (imperatori romani) e medaglia.<br>Simbologia:" Trionfo sociale, prestigio, luce solare.",Sfumatura:" Attenzione all'orgoglio. La carta avverte di ""non riposare sugli allori"" una volta raggiunto il vetta.","Persona solare, soddisfatta, carismatica, che ha raggiunto i suoi obiettivi.","Avere fiducia in sé, osare, incarnare la soddisfazione e l'audacia.","Via gioiosa, luminosa, promettente e ricca di conferme.","Pieno successo, obiettivi materiali e sociali raggiunti."
6,Elevazione<br>(Sole),Visiva: Piramide e scala rovesciata.<br>Simbologia:" La Piramide (convergenza verso il divino), la scala (iniziazione a step).",Psicologia:" Il bisogno di prendere le distanze dall'ego e dal materiale. Maturità, distacco, visione dall'alto.","Persona matura, saggia, visionaria, distaccata dalle meschinità quotidiane.","Prendere recul, formarsi, vedere le cose da una prospettiva più ampia.","Crescita morale/spirituale, nuove visioni, maturazione interiore.","Successo che porta a una nuova consapevolezza, non solo materiale."
7,Onori<br>(Sole),Visiva: Due scettri (mondo e giustizia) e corona.<br>Simbologia:" Potere temporale, autorità, giudizio, riconoscimento pubblico.",Sfumatura:" Riconoscimento dell'Ego e del talento individuale, più che dei valori dell'anima. Fierezza personale.","Persona di talento, autorevole, stimata, che impone rispetto.","Affermare il proprio ego, essere sicuri di sé, rivendicare il proprio valore.","Riconoscimento degli sforzi, fierezza, validazione sociale.",Successo e riconoscimento pubblico del lavoro e del talento.
8,Pensiero Amicizia<br>(Sole),Visiva: Cane con medaglia (fedeltà) e viola del pensiero (Pensée).<br>Simbologia:" Legami scelti, lealtà, rete di supporto.",Psicologia: La necessità di non essere soli. La guarigione attraverso la benevolenza e la condivisione sincera.,"Persona amichevole, generosa, affidabile, circondata da affetti veri.","Usare la rete amicale, essere generosi, chiedere o offrire aiuto.","Evoluzione tranquilla, pacifica, supportata da alleanze solide.","Successo tramite la collaborazione, la fiducia e la stabilità relazionale."
9,Campagna Salute<br>(Sole),Visiva: Casetta sotto un albero con giglio (purezza).<br>Simbologia:" Il ritiro bucolico, la rigenerazione, la pausa dal caos.",Psicologia: Il diritto al riposo. Rifiuto dell'iperattività a favore dell'essere e della rigenerazione cellulare/mentale.,"Persona serena, rilassata, rassicurante, in pace con se stessa.","Riposare, agire con calma, pazientare, curare il proprio benessere.","Situazione calma, senza scossoni, tempo di recupero e pace.","Successo legato al benessere, alla salute e alla tranquillità."
10,Doni<br>(Sole),Visiva: Mano divina tra le nuvole che fa cadere gioielli e corone.<br>Mito:" La manna dal cielo, la provvidenza.",Sfumatura: L'abbondanza richiede reattività". I doni cadono, bisogna essere lesti ad afferrarli al volo.","Persona generosa, solare, o situazione in cui il consultante è ""baciato"" dalla fortuna.","Essere generosi, offrire opportunità, ma anche saper cogliere l'attimo.","Periodo prodigo, opportunità inattese da afferrare immediatamente.","Successo materiale, finanziario o onorifico ricevuto o donato."
11,Tradimento<br>(Luna),Visiva:" Gatto blu notte, irto, pupille dilatate."<br>Storia:" Il gatto nero (sfortuna, stregoneria), l'ambivalenza felina.",Psicologia:" L'ombra, l'autoinganno. Il divario tra ciò che "crediamo e la realtà. Cecità emotiva o fiducia mal riposta.,"Errore di giudizio, illusione, persona subdola o situazione ingannevole.","Prudenza, mantenere il mistero, non dire tutto, diffidare delle apparenze.","Delusione, scarto brutale tra aspettative e realtà, risveglio doloroso.",Fallimento o delusione per mancanza di lucidità e discernimento.
12,Partenza<br>(Luna),Visiva: Uccelli migratori che lasciano montagne aride.<br>Simbologia:" L'istinto di sopravvivenza, l'abbandono del nido sterile.",Psicologia: Il lutto della comfort zone. La paura dell'ignoto mista alla speranza di un altrove migliore.,"Persona in transizione, in fuga da un ambiente tossico o sterile.","Uscire dalla comfort zone, tagliare i rami secchi, accettare il movimento.","Nuove prospettive, ma con rinunce. Abbandono del progetto iniziale.","Risultato in mezza tinta: si parte, ma la destinazione è ancora ignota."
13,Incostanza<br>(Luna),Visiva: Casa fortificata investita da un vento con volto umano.<br>Mito:" Eolo, i venti capricciosi. L'imponderabile.",Psicologia: L'incapacità di radicarsi. Versatilità che diventa precarietà. Ansia da scelta e paura di bloccarsi.,"Persona instabile, lunatica, o circostanze esterne caotiche e imprevedibili.","Flessibilità estrema, non scegliere, neutralità, adattarsi al vento.","Cammino incerto, rischio di cambiamenti bruschi e faticosi.","Indeterminazione, nessuna vera riuscita stabile, continuo riadattamento."
14,Scoperta<br>(Luna),Visiva:" Cannocchiale, libri, civetta (Atena/Saggezza)."<br>Storia:" Galileo, Colombo. La verità che sconvolge i paradigmi.",Psicologia: La crisi cognitiva. Apprendere una verità che distrugge le vecchie credenze. Shock salutare ma destabilizzante.,Persona che apprende un segreto o una verità nascosta che cambia tutto.,"Apertura mentale, accettare la ""remise en question"", cercare la verità.","Altra via, inattesa ma reale. Cambio di paradigma inevitabile.","Successo altrove, in una direzione prima ignorata o sconosciuta."
15,L'Acqua<br>(Luna),Visiva: Nave su mare agitato.<br>Simbologia:" L'inconscio, le emozioni profonde, il viaggio senza ritorno, la gestazione.",Psicologia:" L'incertezza emotiva. Il transito obbligato dove non si ha il controllo, ci si può solo affidare al flusso.","Persona in transito, inquieta, in balia delle emozioni o di un lungo percorso.","Prendere il largo, accettare l'incertezza, gestire le proprie emozioni.","Progressione lenta, faticosa, fluttuante, ma verso una meta lontana.","Sforzo prolungato, esito incerto ma in inarrestabile movimento."
16,I Penati<br>(Luna),Visiva: Piccola torre fortificata (Lari romani).<br>Mito: Divinità protettrici della casa e del focolare.,Psicologia:" Il bisogno di regressione uterina, di protezione. Il rischio della sclerosi, della routine e dell'immobilismo.","Persona riservata, emotiva, casalinga, o situazione di stasi protettiva.","Riposare, lasciar decantare le emozioni, curare il proprio ""nido"".","Routine, tranquillità, mancanza di azione esterna, incubazione.","Successo solo se si cerca calma, lentezza e protezione interiore."
17,Malattia<br>(Luna),Visiva: Rospo (impurità) colpito da un'aquila (spirito/aria).<br>Simbologia:" Il conflitto tra basso e alto, il malessere psicosomatico.",Psicologia: Il sintomo come messaggio. Un disequilibrio profondo che chiede di essere diagnosticato e portato alla luce.,"Persona sofferente, stressata, squilibrata, o progetto che ""non gira"".","Far emergere i problemi, fare una diagnosi, non ignorare i segnali d'allarme.","Flottamento, crisi necessaria, ricerca faticosa di un nuovo equilibrio.",Nessun successo finché non si risolve la causa radice dello squilibrio.
18,Cambiamento<br>(Mercurio),Visiva: Eclissi solare.<br>Mito:" Lo sconvolgimento cosmico, la fine di un'era, il movimento ineluttabile.",Psicologia: La necessità di rompere gli schemi. L'adattamento come unica via di sopravvivenza. Dinamismo puro.,"Persona dinamica, in mutamento, o situazione che sta per ribaltarsi.","Cambiare prospettiva, accettare il movimento, non resistere al flusso.","Evoluzione significativa, tonificante, rottura della staticità.","Adattamento, risultato diverso dalle attese ma progressivo e vitale."
19,Denaro<br>(Mercurio),Visiva: Cornucopia con monete d'argento.<br>Simbologia:" Energia condensata, mezzi materiali, logistica, tempo.",Psicologia:" Il pragmatismo. Non solo ricchezza, ma ""risorse"" (tempo, salute, mezzi) per concretizzare le idee.","Persona con mezzi materiali/fisici disponibili, pragmatica, gestionale.","Organizzare, strutturare, investire, usare le risorse in modo efficiente.","Sviluppo materiale, migliore efficienza, circolazione di energie concrete.","Successo materiale, finanziario, logistico e organizzativo."
20,Intelligenza<br>(Mercurio),Visiva: Libro sacro (Torah) e Menorah (7 bracci).<br>Simbologia:" Conoscenza esoterica, illuminazione, mente analitica.",Psicologia:" L'adattabilità mentale, la creatività, l'ascolto attivo. Superamento dell'ignoranza tramite lo studio.","Persona intellettualmente dotata, creativa, rapida, comunicativa.","Studiare, imparare, comunicare, analizzare la situazione con lucidità.","Crescita intellettuale, apertura, risoluzione tramite l'ingegno.","Successo tramite l'apprendimento, la strategia e l'adattamento."
21,Furto e Perdita<br>(Mercurio),Visiva: Pipistrello (vampiro/oscurità) che afferra un ratto (pestilenza).<br>Simbologia:" Energie parassite, dispersione, cattivi investimenti.",Psicologia:" L'auto-sabotaggio, la fiducia abusata, il ""buco"" energetico. Spreco di talento o risorse.","Persona che perde energia/tempo, mal consigliata, o situazione di fallimento.","Investire a fondo perduto (paradossale), accettare la perdita per rinascere.","Perdita di mezzi, mancanza di redditività, dispersione caotica.","Insuccesso, energie sprecate, necessità di chiudere un rubinetto aperto."
22,Imprese<br>(Mercurio),Visiva:" Progetto, squadra, compasso (massoneria) e martello."<br>Simbologia:" L'architettura, la pianificazione, il ""Faber"", il lavoro strutturato.",Psicologia:" Il passaggio dall'idea all'azione concreta. La disciplina, la gerarchia, la costruzione mattone su mattone.","Persona strutturata, dinamica, organizzata, ""builder"".","Organizzarsi, pianificare, iniziare, darsi una regola e un metodo.","Avvio concreto, inizio di costruzione, strutturazione del caos.","Successo nell'avvio, nella concretizzazione e nell'organizzazione."
23,Traffico<br>(Mercurio),Visiva: Caduceo ed elmo alato (Ermes/Mercurio).<br>Mito:" Il dio dei commerci, dei viaggi, dei ladri e dei confini.",Psicologia:" L'iper-connessione, la rete, il networking. L'incapacità (o rifiuto) di stare fermi. Innovazione.","Persona in movimento, creativa, viaggiatrice, adattabile e sfuggente.","Muoversi, viaggiare, fare networking, adattarsi, comunicare.","Cambiamento, nuovi incontri, stimoli esterni, espansione territoriale.","Successo nel movimento, nel commercio, nella reattività e nei viaggi."
24,Notizia<br>(Mercurio),Visiva: Cometa e piccione viaggiatore.<br>Storia:" L'araldo, il messaggio che cambia il corso della storia.",Psicologia:" L'elemento sorpresa, l'informazione che sblocca la stasi. Verso destra (il futuro).","Persona tonica, portatrice di novità, o evento inatteso e fecondo.","Vedere le cose in modo nuovo, essere reattivi, cogliere l'attimo.","Nuove prospettive, occasioni da cogliere, accelerazione degli eventi.","Soddisfazione tramite novità, messaggi positivi ed evoluzione rapida."
25,Piaceri<br>(Venere),Visiva:" Lira (Orfeo, Apollo)."<br>Simbologia:" L'arte, la poesia, l'epicureismo, l'armonia estetica.",Psicologia:" La ricerca del bello, la leggerezza, l'ispirazione. Rifiuto della volgarità e della pesantezza.","Persona raffinata, intuitiva, romantica, amante dell'arte e del bello.","Cercare il piacere, la dolcezza, l'ispirazione, curare l'estetica.","Evoluzione dolce, affetto, appagamento sensoriale e artistico.","Soddisfazione sentimentale, sottile, romantica e culturale."
26,La Pace<br>(Venere),Visiva: Fascio dei littori con ascia (hache de guerre enterrée).<br>Storia:" La Pax Romana, la diplomazia, la fine delle ostilità.",Psicologia:" La temperanza, la capacità di mediare, il rifiuto del conflitto distruttivo. Armonia ritrovata.","Persona tranquilla, diplomatica, equilibrata, pacificatrice.","Evitare conflitti, usare diplomazia, cercare il compromesso nobile.","Via serena, armoniosa, senza tensioni, riconciliazione.","Risultato piacevole, sereno, appagante, fine delle ostilità."
27,Unione<br>(Venere),Visiva: Due cuori su un altare (sacrificio/impegno).<br>Simbologia:" L'alchimia degli opposti, il matrimonio, la partnership.",Psicologia:" Il bisogno di fusione, l'impegno reciproco, la sinergia. 1+1=3.","Persona equilibrata, amorevole, pronta all'impegno e alla condivisione.","Unire le forze, impegnarsi, associarsi, fondere le energie.","Incontro, armonia, progetti condivisi, sinergia potente.","Successo relazionale, unità, collaborazione feconda."
28,Famiglia<br>(Venere),Visiva: Gallina con pulcini.<br>Simbologia:" Il clan, la tribù, la protezione materna, l'appartenenza.",Psicologia:" Le radici, la solidarietà incondizionata, il calore del gruppo. Sicurezza emotiva.","Persona affettuosa, solidale, rassicurante, legata ai propri cari.","Appoggiarsi ai propri cari, creare legami, proteggere il ""clan"".","Sviluppo di relazioni affettuose, stabilità, sostegno reciproco.","Successo tramite legami, solidarietà e reti di supporto."
29,Amore<br>(Venere),Visiva: Cuori portati da una colomba (Spirito/Pace) in corona di fiori.<br>Mito:" Eros/Agape, l'amore universale e puro.",Psicologia:" La vulnerabilità accettata, la sincerità totale, l'elevazione spirituale tramite il sentimento.","Persona amorevole, sincera, generosa, aperta sentimentalmente.","Essere affettuosi, aprire il cuore, amare senza condizioni.","Evoluzione sentimentale felice, armonia profonda, guarigione.","Grande soddisfazione morale, affettiva e spirituale."
30,La Tavola<br>(Venere),Visiva: Anfora e coppe.<br>Simbologia:" Il banchetto, l'ospitalità, la convivialità, i piaceri terreni.",Psicologia:" La gioia della condivisione materiale, il networking informale, l'abbondanza condivisa.","Persona conviviale, comunicativa, generosa, ""bon vivant"".","Essere conviviali, condividere, ascoltare, invitare, networking.","Evoluzione simpatica, contatti amichevoli, accordi informali.","Soddisfazione tramite condivisione, piacere e contatti sociali."
31,Passioni<br>(Venere),Visiva: Gallo e cuori trafitti da frecce.<br>Simbologia:" L'istinto, la gelosia, il fuoco che brucia, l'irrazionalità.",Psicologia:" L'ombra di Venere. L'amore tossico, l'ossessione, l'impulso che distrugge la ragione. Intensità effimera.","Persona impulsiva, intera, passionale, preda di desideri brucianti.","Seguire i desideri (con cautela), agire d'impulso, vivere il momento.","Evoluzione entusiasmante ma instabile, conflitti emotivi, fuoco.","Successo energico ma effimero, rischioso o conflittuale."
32,Cattiveria<br>(Marte),Visiva: Lanterna e pugnale.<br>Storia:" Il viandante notturno, il pericolo in agguato, la legittima difesa.",Psicologia:" La paranoia o la reale minaccia. L'istinto di sopravvivenza, la diffidenza, il ""dente per dente"".","Persona prudente, sulla difensiva, diffidente, o ambiente ostile.","Difendersi, prevenire, mostrare i denti, non essere ingenui.","Rischi esterni, necessità di difendersi, tensione latente.","Difficoltà, necessità di lottare contro ostilità e invidie."
33,Processo<br>(Marte),Visiva: Due spade incrociate.<br>Simbologia:" Il duello, l'arbitrio, il bivio, la tensione dialettica.",Psicologia: Il conflitto interiore o esteriore che richiede una presa di posizione. Non si può più restare neutrali.,"Persona sotto tensione, in lotta, indecisa o in causa legale/morale.","Prendere posizione, combattere per i propri diritti, tranchare.","Necessità di tranchare, risolvere opposizioni, crisi decisiva.","Lotta da vincere, ostacoli da superare tramite la forza o la legge."
34,Dispotismo<br>(Marte),Visiva: Uomo incatenato a un palo.<br>Mito:" Il tiranno, la privazione della libertà, il martirio.",Psicologia:" L'impotenza appresa, la sottomissione a forze maggiori (Stato, capo, karma). Attesa forzata.","Persona vincolata, privata di libertà, o situazione di blocco totale.","Non agire, accettare i limiti, pazientare, preservare le energie.","Vincoli esterni, perdita di indipendenza, stasi obbligata.","Insuccesso, azioni bloccate da forze maggiori o leggi rigide."
35,Nemici<br>(Marte),Visiva: Serpente attorno a una spada.<br>Mito:" Il tentatore, l'ostacolo viscido, la guerra aperta.",Psicologia:" L'ambiente tossico, le persone che remano contro, la necessità di ""uccidere"" il male alla radice.","Persona combattiva sotto attacco, reattiva, o presenza di avversari occulti.","Combattere, non subire, usare la forza, estirpare il male.","Avversità, scontri, difficoltà esterne, guerre aperte o occulte.","Insuccesso immediato, prima bisogna vincere e neutralizzare le opposizioni."
36,Trattative<br>(Marte),Visiva: Uccelli che discutono (starnazzare).<br>Simbologia:" Il parlamento caotico, la divergenza di opinioni, la fatica di convincere.",Psicologia: L'incapacità di trovare un consenso. L'ego che si scontra con l'ego. Rumore di fondo senza azione.,"Persona che si esprime, sicura di sé, impulsiva, o riunioni inconcludenti.","Affermare le proprie idee, non temere il disaccordo, negoziare.","Discussioni, mancanza di consenso immediato, tensioni verbali.","Risultato contrariato, tensioni persistenti, accordi faticosi."
37,Fuoco<br>(Marte),Visiva: Galli che si contendono una torcia.<br>Simbologia:" L'arena, la competizione bruta, l'energia marziale pura, l'incendio.",Psicologia:" L'adrenalina, la collera, la distruzione purificatrice. Vincere o perdere, senza compromessi.","Persona bouillonnante, combattiva, impulsiva, o situazione esplosiva.","Battersi, attaccare, non essere docili, usare la forza bruta.","Lotta, avversità, scontro frontale, competizione agguerrita.","Successo solo dopo dura lotta, competizione e vittoria sul rivale."
38,Incidente<br>(Marte),Visiva:" Fulmine su torre (Penati) e albero, grandine."<br>Mito:" L'ira di Zeus, la Torre nei Tarocchi, il crollo delle certezze.",Psicologia:" Il trauma, lo shock, la rottura improvvisa dell'omeostasi. La vita che ti costringe a cambiare rotta.","Persona destabilizzata, in crisi, scossa da un evento improvviso.","Rimettere tutto in discussione, cambiare rotta, accettare il crollo.","Crollo improvviso, fine brutale delle aspettative, shock liberatorio.","Fallimento, crollo, necessità di ricostruire da zero altrove."
39,Appoggio<br>(Giove),Visiva: Aquila coronata (Zeus/Giove).<br>Simbologia:" Il re degli uccelli, la protezione divina, la stabilità dall'alto.",Psicologia:" La grazia di essere sostenuti. Mentorship, aiuti inattesi, basi solide su cui costruire.","Persona stabile, equilibrata, sostenuta, o presenza di un mentore.","Cercare aiuto, appoggiarsi a basi solide, fidarsi della protezione.","Evoluzione stabile, aiuti esterni, espansione protetta.","Successo, protezione, espansione e basi solide garantite."
40,Bellezza<br>(Giove),Visiva:" Giglio, cuore e corona."<br>Simbologia:" L'armonia delle sfere, la nobiltà d'animo, l'estetica morale.",Psicologia: L'allineamento tra interno ed esterno. La pace dei sensi e dello spirito. Assenza di conflitto.,"Persona carismatica, appagata, armoniosa, nobile nei modi.","Cercare l'armonia, agire con eleganza, elevare la situazione.","Evoluzione bella, equilibrata, appagante, nobile.","Successo armonioso, benessere interiore ed esteriore, grazia."
41,Eredità<br>(Giove),Visiva:" Testamento, teschio (Memento mori) e clessidra."<br>Simbologia:" Il tempo, la trasmissione, il karma, le radici.",Psicologia:" L'uso della memoria e dell'esperienza. Non si parte da zero, si capitalizza il passato (genetico o materiale).","Persona esperta, saggia, lungimirante, o arrivo di risorse dal passato.","Usare l'esperienza passata, far fruttare gli acquis, onorare le radici.","Sviluppo basato sul passato e sull'esperienza, rendita.","Successo grazie alle fondamenta, all'esperienza e ai beni acquisiti."
42,Saggezza<br>(Giove),Visiva: Civetta coronata (Atena/Minerva).<br>Mito: L'uccello notturno che vede oltre le apparenze.,Psicologia:" Il distacco dalle passioni, la visione a lungo termine, l'accettazione serena della realtà.","Persona calma, saggia, distaccata, mentore spirituale o filosofico.","Prendere tempo, riflettere, avere recul, agire con etica.","Arricchimento morale/spirituale, nuova visione, pace interiore.","Successo misurato, saggezza, evoluzione interiore e distacco."
43,La Fama<br>(Giove),Visiva:" Stendardo, tromba e corona."<br>Storia:" Il trionfo romano, la reputazione pubblica, l'influenza.",Psicologia:" Il bisogno di riconoscimento sociale, l'impatto sul mondo, l'espansione della propria influenza.","Persona di talento, stimata, carismatica, con forte reputazione.","Farsi conoscere, affermare i propri talenti, espandere la rete.","Espansione, riconoscimento sociale, influenza, celebrità.","Grande successo, consacrazione, visibilità e impatto pubblico."
44,Il Caso<br>(Giove),Visiva: Ruota alata con corona (Rota Fortunae).<br>Etimologia: al-zahr" (i dadi). Il rischio, il gioco.",Psicologia:" L'accettazione dell'imprevedibilità. Provocare il destino, osare, l'esperienza vale più del risultato.","Persona intraprendente, giocosa, fortunata, amante del rischio.","Tentare la sorte, osare, creare movimento, non temere l'errore.","Opportunità, crescita, espansione tramite il movimento e il rischio.","Successo tramite il rischio, l'esperienza e l'apertura all'ignoto."
45,Felicità<br>(Giove),Visiva: Mano che offre una stella coronata.<br>Simbologia:" Il dono divino, la pienezza, l'ottimismo, la grazia.",Psicologia:" La gioia semplice, la gratitudine, l'assenza di desideri inappagati. Il ""qui e ora"" perfetto.","Persona gioviale, ottimista, appagata, portatrice di gioia.","Essere positivi, gioire del presente, coltivare la gratitudine.","Evoluzione gioiosa, appagamento, serenità duratura.","Pieno successo, felicità, soddisfazione globale e duratura."
46,Avversità<br>(Saturno),Visiva: Vecchia donna con stampella.<br>Mito:" La strega, la fatica, il peso del tempo e della povertà.",Psicologia:" La resilienza, il lavoro duro, l'essenzialità forzata. Spogliarsi del superfluo per sopravvivere.","Persona laboriosa, provata, perseverante, o situazione di grande fatica.","Concentrarsi sull'essenziale, lavorare duro, stringere i denti.","Austerità, sforzi costanti, restrizioni, lentezza esasperante.","Difficile, richiede enorme sforzo, pazienza e perseveranza."
47,Sterilità<br>(Saturno),Visiva: Isola rocciosa senza vegetazione.<br>Simbologia:" Il deserto, l'aridità, l'assenza di vita e creatività.",Psicologia: Il blocco creativo o emotivo. L'ostinazione su una via morta. Necessità di cambiare radicalmente.,"Persona austera, chiusa, limitata, o progetto che non può germogliare.","Limitarsi, ridurre al minimo vitale, abbandonare le illusioni.","Nessun sviluppo, calcificazione, blocco totale, aridità.","Insuccesso totale, necessità impellente di cambiare via o progetto."
48,Fatalità<br>(Saturno),Visiva:" Falce (Cronos/Saturno, Tarocco XIII)."<br>Simbologia:" La mietitura, la fine ineluttabile, il taglio netto.",Psicologia:" Il lutto, la chiusura di un ciclo karmico. L'accettazione dell'impermanenza. Morte per rinascere.","Persona in profonda mutazione, in lutto, o fine irreversibile di un'era.","Lasciar andare, accettare la fine di un ciclo, non opporsi al destino.","Fine irreversibile, chiusura, trasformazione obbligata e radicale.","Fine del progetto, necessità di rinascere altrove e in altro modo."
49,La Grazia<br>(Saturno),Visiva: Colomba in triangolo di luce.<br>Mito:" L'intervento divino, il perdono, l'assoluzione, la speranza.",Psicologia:" Il sollievo dopo la lunga prova saturnina. La fede che ripaga, la compassione, l'inaspettato aiuto.","Persona umile, spirituale, resiliente, o situazione che si sblocca per miracolo.","Avere fede, non arrendersi, sperare, perdonare e perdonarsi.","Miglioramento dopo prova, sollievo, intervento provvidenziale.","Successo insperato, grazia, sollevamento dal peso e dal dolore."
50,Rovina<br>(Saturno),Visiva:" Torre in rovina (erosione lenta, non fulmine)."<br>Simbologia:" Il tempo che logora, la nostalgia, il ritorno alla polvere.",Psicologia:" La decadenza accettata, il lasciar andare ciò che non serve più, il minimalismo estremo.","Persona solida ma logorata, essenziale, o situazione in lento declino.","Limitare gli sforzi, lasciar fare al tempo, conservare solo l'essenziale.","Deterioramento lento, perdita del superfluo, ritorno alle basi.","Insuccesso materiale, ma mantenimento del solo minimo vitale e vero."
51,Ritardo<br>(Saturno),Visiva: Ruota immobile tra rocce.<br>Simbologia:" L'ostacolo, la pausa forzata, il tempo sospeso.",Psicologia: L'arte della pazienza. Il rifiuto della fretta moderna. Maturazione silenziosa e invisibile.,"Persona austera, paziente, interiorizzata, o situazione bloccata.","Rallentare, pazientare, lasciar perdere, meditare, non forzare.","Ostacoli, pausa, immobilismo, gestazione lunghissima.","Insuccesso temporaneo, necessità di attesa e accettazione dei tempi."
52,Chiostro<br>(Saturno),Visiva: Chiostro con saracinesca abbassata.<br>Simbologia:" Il monastero, l'isolamento, l'introspezione, il ritiro dal mondo.",Psicologia:" Il bisogno di silenzio, di fare il punto, di tagliare i ponti col rumore mondano per trovare sé stessi.","Persona contemplativa, saggia, ritirata, o necessità di isolamento.","Isolarsi, riflettere, meditare, curare l'anima, staccare la spina.","Pausa, ritiro, lavoro interiore, silenzio rigenerante.","Successo SOLO se si cerca introspezione, studio e pace interiore."
53,Carta Blu<br>(Specifica),Visiva: Cielo azzurro uniforme (Talismano).<br>Simbologia:" L'infinito, la spiritualità pura, l'assenza di nubi.",Psicologia:" La protezione suprema, la fluidità, la fede incrollabile. L'assenza totale di attrito o resistenza.","Persona spirituale, generosa, rassicurante, ""angelo custode"".","Avere fiducia, sviluppare compassione, lasciarsi guidare, fluire.","Avanzare senza difficoltà, protetti, fluidità totale.","Successo senza ostacoli, grazia assoluta, protezione divina."